KA.AN1.39.tiff ,4
KA.AN2.40.tiff ,4
KA.AN3.41.tiff ,4
KA.DI1.42.tiff ,5
KA.DI2.43.tiff ,5
KA.DI3.44.tiff ,5
KA.FE1.45.tiff ,7
KA.FE2.46.tiff ,7
KA.FE3.47.tiff ,7
KA.FE4.48.tiff ,7
KA.HA1.29.tiff ,1
KA.HA2.30.tiff ,1
KA.HA3.31.tiff ,1
KA.HA4.32.tiff ,1
KA.NE1.26.tiff ,6
KA.NE2.27.tiff ,6
KA.NE3.28.tiff ,6
KA.SA1.33.tiff ,2
KA.SA2.34.tiff ,2
KA.SA3.35.tiff ,2
KA.SU1.36.tiff ,3
KA.SU2.37.tiff ,3
KA.SU3.38.tiff ,3
KL.AN1.167.tiff ,4
KL.AN2.168.tiff,4
KL.AN3.169.tiff,4
KL.DI1.170.tiff,5
KL.DI2.171.tiff,5
KL.DI3.172.tiff,5
KL.DI4.173.tiff,5
KL.FE1.174.tiff,7
KL.FE2.175.tiff,7
KL.FE3.176.tiff,7
KL.HA1.158.tiff,1
KL.HA2.159.tiff,1
KL.HA3.160.tiff,1
KL.NE1.155.tiff,6
KL.NE2.156.tiff,6
KL.NE3.157.tiff,6
KL.SA1.161.tiff,2
KL.SA2.162.tiff,2
KL.SA3.163.tiff,2
KL.SU1.164.tiff,3
KL.SU2.165.tiff,3
KL.SU3.166.tiff,3
KM.AN1.17.tiff ,4
KM.AN2.18.tiff ,4
KM.AN3.19.tiff ,4
KM.DI1.20.tiff ,5
KM.DI3.22.tiff ,5
KM.FE1.23.tiff ,7
KM.FE2.24.tiff ,7
KM.FE3.25.tiff ,7
KM.HA1.4.tiff  ,1
KM.HA2.5.tiff  ,1
KM.HA3.6.tiff  ,1
KM.HA4.7.tiff  ,1
KM.NE1.1.tiff  ,6
KM.NE2.2.tiff  ,6
KM.NE3.3.tiff  ,6
KM.SA1.9.tiff  ,2
KM.SA2.10.tiff ,2
KM.SA3.11.tiff ,2
KM.SA5.13.tiff ,2
KM.SU1.14.tiff ,3
KM.SU2.15.tiff ,3
KM.SU3.16.tiff ,3
KR.AN1.83.tiff ,4
KR.AN2.84.tiff ,4
KR.AN3.85.tiff ,4
KR.DI1.86.tiff ,5
KR.DI2.87.tiff ,5
KR.DI3.88.tiff ,5
KR.FE1.89.tiff ,7
KR.FE2.90.tiff ,7
KR.FE3.91.tiff ,7
KR.HA1.74.tiff ,1
KR.HA2.75.tiff ,1
KR.NE1.71.tiff ,6
KR.NE2.72.tiff ,6
KR.NE3.73.tiff ,6
KR.SA1.77.tiff ,2
KR.SA2.78.tiff ,2
KR.SA3.79.tiff ,2
KR.SU1.80.tiff ,3
KR.SU2.81.tiff ,3
KR.SU3.82.tiff ,3
MK.AN1.125.tiff,4
MK.AN2.126.tiff,4
MK.AN3.127.tiff,4
MK.DI1.128.tiff,5
MK.DI2.129.tiff,5
MK.DI3.130.tiff,5
MK.FE1.131.tiff,7
MK.FE2.132.tiff,7
MK.FE3.133.tiff,7
MK.HA1.116.tiff,1
MK.HA2.117.tiff,1
MK.HA3.118.tiff,1
MK.NE1.113.tiff,6
MK.NE2.114.tiff,6
MK.NE3.115.tiff,6
MK.SA1.119.tiff,2
MK.SA2.120.tiff,2
MK.SA3.121.tiff,2
MK.SU1.122.tiff,3
MK.SU2.123.tiff,3
MK.SU3.124.tiff,3
NA.AN1.211.tiff,4
NA.AN2.212.tiff,4
NA.AN3.213.tiff,4
NA.DI1.214.tiff,5
NA.DI2.215.tiff,5
NA.DI3.216.tiff,5
NA.FE1.217.tiff,7
NA.FE2.218.tiff,7
NA.FE3.219.tiff,7
NA.HA1.202.tiff,1
NA.HA2.203.tiff,1
NA.HA3.204.tiff,1
NA.NE1.199.tiff,6
NA.NE2.200.tiff,6
NA.NE3.201.tiff,6
NA.SA1.205.tiff,2
NA.SA2.206.tiff,2
NA.SA3.207.tiff,2
NA.SU1.208.tiff,3
NA.SU2.209.tiff,3
NA.SU3.210.tiff,3
NM.AN1.104.tiff,4
NM.AN2.105.tiff,4
NM.AN3.106.tiff,4
NM.DI1.107.tiff,5
NM.DI3.109.tiff,5
NM.FE1.110.tiff,7
NM.FE2.111.tiff,7
NM.FE3.112.tiff,7
NM.HA1.95.tiff ,1
NM.HA2.96.tiff ,1
NM.HA3.97.tiff ,1
NM.NE1.92.tiff ,6
NM.NE2.93.tiff ,6
NM.NE3.94.tiff ,6
NM.SA1.98.tiff ,2
NM.SA2.99.tiff ,2
NM.SA3.100.tiff,2
NM.SU1.101.tiff,3
NM.SU2.102.tiff,3
NM.SU3.103.tiff,3
TM.AN1.190.tiff,4
TM.AN2.191.tiff,4
TM.AN3.192.tiff,4
TM.DI1.193.tiff,5
TM.DI2.194.tiff,5
TM.DI3.195.tiff,5
TM.FE1.196.tiff,7
TM.FE2.197.tiff,7
TM.FE3.198.tiff,7
TM.HA1.180.tiff,1
TM.HA2.181.tiff,1
TM.HA3.182.tiff,1
TM.NE1.177.tiff,6
TM.NE2.178.tiff,6
TM.NE3.179.tiff,6
TM.SA1.184.tiff,2
TM.SA2.185.tiff,2
TM.SA3.186.tiff,2
TM.SU1.187.tiff,3
TM.SU2.188.tiff,3
TM.SU3.189.tiff,3
UY.AN1.146.tiff,4
UY.AN2.147.tiff,4
UY.AN3.148.tiff,4
UY.DI1.149.tiff,5
UY.DI2.150.tiff,5
UY.DI3.151.tiff,5
UY.FE1.152.tiff,7
UY.FE2.153.tiff,7
UY.FE3.154.tiff,7
UY.HA1.137.tiff,1
UY.HA2.138.tiff,1
UY.HA3.139.tiff,1
UY.NE1.134.tiff,6
UY.NE2.135.tiff,6
UY.NE3.136.tiff,6
UY.SA1.140.tiff,2
UY.SA2.141.tiff,2
UY.SA3.142.tiff,2
UY.SU1.143.tiff,3
UY.SU2.144.tiff,3
UY.SU3.145.tiff,3
YM.AN1.61.tiff ,4
YM.AN2.62.tiff ,4
YM.AN3.63.tiff ,4
YM.DI1.64.tiff ,5
YM.DI2.65.tiff ,5
YM.DI3.66.tiff ,5
YM.FE1.67.tiff ,7
YM.FE2.68.tiff ,7
YM.FE3.69.tiff ,7
YM.FE4.70.tiff ,7
YM.HA1.52.tiff ,1
YM.HA2.53.tiff ,1
YM.HA3.54.tiff ,1
YM.NE1.49.tiff ,6
YM.NE2.50.tiff ,6
YM.NE3.51.tiff ,6
YM.SA1.55.tiff ,2
YM.SA2.56.tiff ,2
YM.SA3.57.tiff ,2
YM.SU1.58.tiff ,3
YM.SU2.59.tiff ,3
YM.SU3.60.tiff ,3
